{
  "parent": "minecraft:recipes/root",
  "criteria": {
    "has_the_recipe": {
      "conditions": {
        "recipe": "harry_hqs_more_crafting_recipes:netherite_scrap_sword"
      },
      "trigger": "minecraft:recipe_unlocked"
    },
    "has_ingredient_0": {
      "conditions": {
        "items": [
          {
            "items": "minecraft:netherite_sword"
          }
        ]
      },
      "trigger": "minecraft:inventory_changed"
    }
  },
  "requirements": [
    [
      "has_the_recipe",
      "has_ingredient_0"
    ]
  ],
  "rewards": {
    "recipes": [
      "harry_hqs_more_crafting_recipes:netherite_scrap_sword"
    ]
  }
}